concept_id	concept_name	domain_id	vocabulary_id	concept_class_id	standard_concept	concept_code	valid_start_date	valid_end_date	invalid_reason
2000000081	Massage (partial/large massage) also special massages (connective tissue, reflexology, segment, periosteum, brush and colon massages)	Observation	HPNR	HPNR code		0101	1970-01-01	2099-12-31	
2000000082	Underwater pressure jet massage	Observation	HPNR	HPNR code		0102	1970-01-01	2099-12-31	
2000000083	Special massages (connective tissue, reflexology, segment, periosteum, brush and colon massages)	Observation	HPNR	HPNR code		0103	1970-01-01	2099-12-31	
2000000084	Partial massage	Observation	HPNR	HPNR code		0104	1970-01-01	2099-12-31	
2000000085	Special massage	Observation	HPNR	HPNR code		0105	1970-01-01	2099-12-31	
2000000127	General physiotherapy (also on a neurophysiological basis): group treatment (2 - 5 patients) as a telemedical service (standard treatment time 20 to 30 minutes)	Observation	HPNR	HPNR code		0621	2022-04-01	2099-12-31	
2000000129	Physiotherapy on a neurophysiological basis, also respiratory therapy for cystic fibrosis (mucoviscidosis)	Observation	HPNR	HPNR code		0701	1970-01-01	2099-12-31	
2000000130	Physiotherapy, also respiratory therapy, for mucoviscidosis and severe bronchial diseases, 60 min.	Observation	HPNR	HPNR code		0702	1970-01-01	2099-12-31	
2000000731	Shower	Observation	HPNR	HPNR code		7216	1970-01-01	2099-12-31	
2000004651	Others service providers	Provider	HPNR	Provider		9	1970-01-01	2099-12-31	
2000000556	Washes	Procedure	HPNR	HPNR code		6707	1970-01-01	2099-12-31	
2000000080	Massages	Observation	HPNR	HPNR Hierarchy		01	1970-01-01	2099-12-31	
2000000089	Manual lymphatic drainage	Observation	HPNR	HPNR Hierarchy		02	1970-01-01	2099-12-31	
2000000095	Exercise therapy/exercise treatment, individual treatment	Observation	HPNR	HPNR Hierarchy		03	1970-01-01	2099-12-31	
2000000126	Physiotherapy (children)	Observation	HPNR	HPNR code		0607	1970-01-01	2099-12-31	
2000000086	Classical massage therapy (KMT)	Observation	HPNR	HPNR code		0106	1970-01-01	2099-12-31	
2000000087	Connective tissue massage (BGM)	Observation	HPNR	HPNR code		0107	1970-01-01	2099-12-31	
2000000088	Reflexology, segment, periosteum, brush and colon massages	Observation	HPNR	HPNR code		0108	1970-01-01	2099-12-31	
2000000090	Large treatment	Observation	HPNR	HPNR code		0201	1970-01-01	2099-12-31	
2000000091	Full treatment	Observation	HPNR	HPNR code		0202	1970-01-01	2099-12-31	
2000000092	Full treatment with complex exercise therapy	Observation	HPNR	HPNR code		0203	1970-01-01	2099-12-31	
2000000093	Compression bandaging	Observation	HPNR	HPNR code		0204	1970-01-01	2099-12-31	
2000000094	Partial treatment	Observation	HPNR	HPNR code		0205	1970-01-01	2099-12-31	
2000000096	Movement exercises/orthopedic gymnastics	Observation	HPNR	HPNR code		0301	1970-01-01	2099-12-31	
2000000097	Respiratory gymnastics	Observation	HPNR	HPNR code		0302	1970-01-01	2099-12-31	
2000000098	Respiratory and circulatory gymnastics	Observation	HPNR	HPNR code		0303	1970-01-01	2099-12-31	
2000000099	Respiratory gymnastics with massage	Observation	HPNR	HPNR code		0304	1970-01-01	2099-12-31	
2000000100	Exercise pool	Observation	HPNR	HPNR code		0305	1970-01-01	2099-12-31	
2000000101	Chirogymnastics incl. post treatement rest	Observation	HPNR	HPNR code		0306	1970-01-01	2099-12-31	
2000000102	Movement exercises on the sling-table	Observation	HPNR	HPNR code		0307	1970-01-01	2099-12-31	
2000000104	Exercise therapy/exercise treatment, group treatment	Observation	HPNR	HPNR Hierarchy		04	1970-01-01	2099-12-31	
2000000110	Physiotherapy, normal, individual treatment	Observation	HPNR	HPNR Hierarchy		05	1970-01-01	2099-12-31	
2000000119	Physiotherapy, normal, group treatment	Observation	HPNR	HPNR Hierarchy		06	1970-01-01	2099-12-31	
2000000128	Physiotherapy, special, individual treatment	Observation	HPNR	HPNR Hierarchy		07	1970-01-01	2099-12-31	
2000000144	Physiotherapy, special, group treatment	Observation	HPNR	HPNR Hierarchy		08	1970-01-01	2099-12-31	
2000000103	Exercise treatment incl. accompanying cold therapy	Observation	HPNR	HPNR code		0308	1970-01-01	2099-12-31	
2000000105	Movement exercises/orthopedic gymnastics	Observation	HPNR	HPNR code		0401	1970-01-01	2099-12-31	
2000000106	Exercise pool up to 3 persons	Observation	HPNR	HPNR code		0402	1970-01-01	2099-12-31	
2000000107	Exercise pool up to 5 persons	Observation	HPNR	HPNR code		0403	1970-01-01	2099-12-31	
2000000108	Exercise pool up to 7 persons	Observation	HPNR	HPNR code		0404	1970-01-01	2099-12-31	
2000000109	Exercise pool 4 to 5 persons	Observation	HPNR	HPNR code		0405	1970-01-01	2099-12-31	
2000000111	Physiotherapy, including respiratory gymnastics, also on a neurophysiological basis	Observation	HPNR	HPNR code		0501	1970-01-01	2099-12-31	
2000000112	Physiotherapy, including respiratory gymnastics including necessary massage	Observation	HPNR	HPNR code		0502	1970-01-01	2099-12-31	
2000000113	Physiotherapy, including respiratory gymnastics, also on a neurophysiological basis including necessary massage	Observation	HPNR	HPNR code		0503	1970-01-01	2099-12-31	
2000000114	Physiotherapeutic treatment with ice application incl. necessary massages	Observation	HPNR	HPNR code		0504	1970-01-01	2099-12-31	
2000000115	Physiotherapy (children)	Observation	HPNR	HPNR code		0505	1970-01-01	2099-12-31	
2000000116	Physiotherapeutic treatment with stimulation current	Observation	HPNR	HPNR code		0506	1970-01-01	2099-12-31	
2000000117	Device-supported physiotherapy (physiotherapy device), parallel individual treatment for up to 3 patients, per patient	Observation	HPNR	HPNR code		0507	1970-01-01	2099-12-31	
2000000118	General physiotherapy (also on a neurophysiological basis): individual treatment as a telemedical service (standard treatment time 15 to 25 minutes)	Observation	HPNR	HPNR code		0521	2022-04-01	2099-12-31	
2000000120	Physiotherapy, also respiratory therapy, 2-5 persons	Observation	HPNR	HPNR code		0601	1970-01-01	2099-12-31	
2000000121	Physiotherapy on a neurophysiological basis	Observation	HPNR	HPNR code		0602	1970-01-01	2099-12-31	
2000000122	Physiotherapy group, 3-5 persons	Observation	HPNR	HPNR code		0603	1970-01-01	2099-12-31	
2000000123	Physiotherapy up to 4 persons	Observation	HPNR	HPNR code		0604	1970-01-01	2099-12-31	
2000000124	Physiotherapy up to 6 persons	Observation	HPNR	HPNR code		0605	1970-01-01	2099-12-31	
2000000125	Physiotherapy, also ortopedic gymnastics	Observation	HPNR	HPNR code		0606	1970-01-01	2099-12-31	
2000000131	Physiotherapy for central movement disorders (treatment for children)	Observation	HPNR	HPNR code		0703	1970-01-01	2099-12-31	
2000000132	Physiotherapy for central movement disorders (adult treatment)	Observation	HPNR	HPNR code		0704	1970-01-01	2099-12-31	
2000000133	Systematic sensomotoric development and exercise treatment	Observation	HPNR	HPNR code		0705	1970-01-01	2099-12-31	
2000000134	Systematic sensomotoric treatment	Observation	HPNR	HPNR code		0706	1970-01-01	2099-12-31	
2000000135	Functional development therapy	Observation	HPNR	HPNR code		0707	1970-01-01	2099-12-31	
2000000136	Physiotherapy for the treatment of central movement disorders up to the age of 18 according to Bobath (Physiotherapy-CNS-children according to Bobath)	Observation	HPNR	HPNR code		0708	1970-01-01	2099-12-31	
2000000137	Physiotherapy for the treatment of central movement disorders up to the age of 18 according to Vojta (Physiotherapy-CNS-children according to Vojta)	Observation	HPNR	HPNR code		0709	1970-01-01	2099-12-31	
2000000138	Physiotherapy for the treatment of central movement disorders, after the age of 18, according to Bobath (Physiotherapy-CNS according to Bobath)	Observation	HPNR	HPNR code		0710	1970-01-01	2099-12-31	
2000000139	Physiotherapy for the treatment of central movement disorders, after the age of 18, according to Vojta (Physiotherapy-CNS according to Vojta)	Observation	HPNR	HPNR code		0711	1970-01-01	2099-12-31	
2000000140	Physiotherapy for the treatment of central movement disorders, after the age of 18, according to PNF (Physiotherapy-CNS according to PNF)	Observation	HPNR	HPNR code		0712	1970-01-01	2099-12-31	
2000000141	Physiotherapy for the treatment of central movement disorders, after the age of 18, according to Bobath as individual treatment (Physiotherapy-CNS according to Bobath) as a telemedical service (standard treatment time 25 to 35 minutes)	Observation	HPNR	HPNR code		0720	2022-04-01	2099-12-31	
2000000142	Physiotherapy for the treatment of severe diseases of the respiratory organs (esp. cystic fibrosis or pulmonary diseases with pulmonary damage comparable to cystic fibrosis), individual treatment as telemedical service (standard treatment time 60 minutes)	Observation	HPNR	HPNR code		0722	2022-04-01	2099-12-31	
2000000143	Physiotherapy for the treatment of central movement disorders, up to the age of 18, according to Bobath as individual treatment (Physiotherapy-CNS-children according to Bobath) as a telemedical service (standard treatment time 30 to 45 minutes)	Observation	HPNR	HPNR code		0728	2022-04-01	2099-12-31	
2000000145	Physiotherapy for mucoviscidosis and severe bronchial diseases	Observation	HPNR	HPNR code		0801	1970-01-01	2099-12-31	
2000000146	Physiotherapy, also respiratory therapy for mucoviscidosis	Observation	HPNR	HPNR code		0802	1970-01-01	2099-12-31	
2000000147	Physiotherapy, also respiratory therapy for mucoviscidosis 2-5 persons	Observation	HPNR	HPNR code		0803	1970-01-01	2099-12-31	
2000000148	Physiotherapy on a neurophysiological basis, also respiratory therapy for cystic fibrosis (mucoviscidosis)	Observation	HPNR	HPNR code		0804	1970-01-01	2099-12-31	
2000000149	Physiotherapy for cerebral dysfunctions for children up to 14 years (2-4 children)	Observation	HPNR	HPNR code		0805	1970-01-01	2099-12-31	
2000000150	Physiotherapy for minimal cerebral dysfunction (MCD)/psychomotor function	Observation	HPNR	HPNR code		0806	1970-01-01	2099-12-31	
2000000151	Physiotherapy for MCD/psychomotorics 2-4 children	Observation	HPNR	HPNR code		0807	1970-01-01	2099-12-31	
2000000152	Physiotherapy for MCD/psychomotorics 3-5 children	Observation	HPNR	HPNR code		0808	1970-01-01	2099-12-31	
2000000153	Physiotherapy for MCD/psychomotorics up to 6 children	Observation	HPNR	HPNR code		0809	1970-01-01	2099-12-31	
2000000154	Physiotherapy in group for adults and children on neurophysiological and functional vegetative basis (3-5 persons)	Observation	HPNR	HPNR code		0810	1970-01-01	2099-12-31	
2000000155	Treatment of sensomotoric perception disorders (children)	Observation	HPNR	HPNR code		0811	1970-01-01	2099-12-31	
2000000157	Physiotherapy in exercise pool	Procedure	HPNR	HPNR code		0901	1970-01-01	2099-12-31	
2000000158	Physiotherapy in exercise pool incl. post treatement rest	Procedure	HPNR	HPNR code		0902	1970-01-01	2099-12-31	
2000000160	Physiotherapy in exercise pool 2-5 persons	Procedure	HPNR	HPNR code		1001	1970-01-01	2099-12-31	
2000000161	Physiotherapy in exercise pool 2-6 persons	Procedure	HPNR	HPNR code		1002	1970-01-01	2099-12-31	
2000000162	Physiotherapy in exercise pool up to 3 persons	Procedure	HPNR	HPNR code		1003	1970-01-01	2099-12-31	
2000000163	Physiotherapy in exercise pool up to 3 persons incl. post treatement rest	Procedure	HPNR	HPNR code		1004	1970-01-01	2099-12-31	
2000000164	Physiotherapy in exercise pool 4 to 5 persons incl. post treatment rest	Procedure	HPNR	HPNR code		1005	1970-01-01	2099-12-31	
2000000166	Simple device (Glisson sling)	Procedure	HPNR	HPNR code		1101	1970-01-01	2099-12-31	
2000000167	Large device (Slant board)	Procedure	HPNR	HPNR code		1102	1970-01-01	2099-12-31	
2000000168	Extension treatment in the sling table	Procedure	HPNR	HPNR code		1103	1970-01-01	2099-12-31	
2000000169	Traction treatment with device	Procedure	HPNR	HPNR code		1104	1970-01-01	2099-12-31	
2000000171	Manual therapy	Observation	HPNR	HPNR code		1201	1970-01-01	2099-12-31	
2000000172	Manual therapy for extremities	Observation	HPNR	HPNR code		1202	1970-01-01	2099-12-31	
2000000173	Manual therapy for spine	Observation	HPNR	HPNR code		1203	1970-01-01	2099-12-31	
2000000174	Cyriax	Observation	HPNR	HPNR code		1204	1970-01-01	2099-12-31	
2000000175	Manual therapy: individual treatment as telemedical service (standard treatment time 15 to 25 minutes)	Observation	HPNR	HPNR code		1221	2022-04-01	2099-12-31	
2000000177	Recording of findings	Procedure	HPNR	HPNR code		1301	1970-01-01	2099-12-31	
2000000178	Electrotreatment	Procedure	HPNR	HPNR code		1302	1970-01-01	2099-12-31	
2000000179	Electrotreatment for paralysis	Procedure	HPNR	HPNR code		1303	1970-01-01	2099-12-31	
2000000180	Stimulation current treatment	Procedure	HPNR	HPNR code		1304	1970-01-01	2099-12-31	
2000000181	Ultrasound	Procedure	HPNR	HPNR code		1305	1970-01-01	2099-12-31	
2000000182	Ultrasound stimulation current combination treatment	Procedure	HPNR	HPNR code		1306	1970-01-01	2099-12-31	
2000000183	Shortwave diathermy - single-digit	Procedure	HPNR	HPNR code		1307	1970-01-01	2099-12-31	
2000000184	Shortwave diathermy - multi-digit	Procedure	HPNR	HPNR code		1308	1970-01-01	2099-12-31	
2000000185	Electrogymnastics	Procedure	HPNR	HPNR code		1309	1970-01-01	2099-12-31	
2000000186	Two cell bath / four cell bath	Procedure	HPNR	HPNR code		1310	1970-01-01	2099-12-31	
2000000187	Four cell bath with rest	Procedure	HPNR	HPNR code		1311	1970-01-01	2099-12-31	
2000000188	Hydroelectric full bath (e.g. Stanger bath)	Procedure	HPNR	HPNR code		1312	1970-01-01	2099-12-31	
2000000189	Iontophoresis	Procedure	HPNR	HPNR code		1313	1970-01-01	2099-12-31	
2000000190	Hydroelectric full bath in combination with underwater pressure jet massage	Procedure	HPNR	HPNR code		1314	1970-01-01	2099-12-31	
2000000191	Hydroelectric full bath with rest	Procedure	HPNR	HPNR code		1315	1970-01-01	2099-12-31	
2000000193	Sun lamp	Procedure	HPNR	HPNR code		1401	1970-01-01	2099-12-31	
2000000194	Colored light (e.g. Sollux, Vitalus, Hexamikron)	Procedure	HPNR	HPNR code		1402	1970-01-01	2099-12-31	
2000000195	Quartz lamp pressure irradiation of a field	Procedure	HPNR	HPNR code		1403	1970-01-01	2099-12-31	
2000000196	Quartz lamp pressure irradiation of multiple fields	Procedure	HPNR	HPNR code		1404	1970-01-01	2099-12-31	
2000000198	Hot packs incl. post treatement rest	Procedure	HPNR	HPNR code		1501	1970-01-01	2099-12-31	
2000000199	Hot packs without post treatment rest	Procedure	HPNR	HPNR code		1502	1970-01-01	2099-12-31	
2000000200	Hot packs with natural peloids	Procedure	HPNR	HPNR code		1503	1970-01-01	2099-12-31	
2000000201	Hot packs with natural peloids (partial packing)	Procedure	HPNR	HPNR code		1504	1970-01-01	2099-12-31	
2000000202	Hot packs with natural peloids (double packing)	Procedure	HPNR	HPNR code		1505	1970-01-01	2099-12-31	
2000000203	Parapack packages	Procedure	HPNR	HPNR code		1506	1970-01-01	2099-12-31	
2000000204	Parapack partial and half packing	Procedure	HPNR	HPNR code		1507	1970-01-01	2099-12-31	
2000000205	Hot packs with natural moor/ fango	Procedure	HPNR	HPNR code		1508	1970-01-01	2099-12-31	
2000000206	Natural moor partial bath (moor mud)	Procedure	HPNR	HPNR code		1509	1970-01-01	2099-12-31	
2000000207	Natural moor half bath (moor mud)	Procedure	HPNR	HPNR code		1510	1970-01-01	2099-12-31	
2000000208	Natural moor full bath (moor mud)	Procedure	HPNR	HPNR code		1511	1970-01-01	2099-12-31	
2000000209	Moor extract, moor lye, moor salicyl bath	Procedure	HPNR	HPNR code		1512	1970-01-01	2099-12-31	
2000000210	Moor extract sitz bath with rest pack	Procedure	HPNR	HPNR code		1513	1970-01-01	2099-12-31	
2000000211	Moor iodine bath	Procedure	HPNR	HPNR code		1514	1970-01-01	2099-12-31	
2000000212	Moor sulfur bath	Procedure	HPNR	HPNR code		1515	1970-01-01	2099-12-31	
2000000213	Prepackages or compresses	Procedure	HPNR	HPNR code		1516	1970-01-01	2099-12-31	
2000000214	Heat with incandescent light, radiator, hot air	Procedure	HPNR	HPNR code		1517	1970-01-01	2099-12-31	
2000000215	Light bracket	Procedure	HPNR	HPNR code		1518	1970-01-01	2099-12-31	
2000000216	Moist compresses with hot air	Procedure	HPNR	HPNR code		1519	1970-01-01	2099-12-31	
2000000217	Warm compresses	Procedure	HPNR	HPNR code		1520	1970-01-01	2099-12-31	
2000000218	Hay flower sack	Procedure	HPNR	HPNR code		1521	1970-01-01	2099-12-31	
2000000219	Ice treatment	Procedure	HPNR	HPNR code		1522	1970-01-01	2099-12-31	
2000000220	Partial ice bath	Procedure	HPNR	HPNR code		1523	1970-01-01	2099-12-31	
2000000221	Full ice bath	Procedure	HPNR	HPNR code		1524	1970-01-01	2099-12-31	
2000000222	Cold packs	Procedure	HPNR	HPNR code		1525	1970-01-01	2099-12-31	
2000000223	Dry pack	Procedure	HPNR	HPNR code		1526	1970-01-01	2099-12-31	
2000000224	Cold air/cold gas therapy per large joint	Procedure	HPNR	HPNR code		1527	1970-01-01	2099-12-31	
2000000225	Hot air bath	Procedure	HPNR	HPNR code		1528	1970-01-01	2099-12-31	
2000000226	Natural moor three-quarter bath	Procedure	HPNR	HPNR code		1529	1970-01-01	2099-12-31	
2000000227	Hot roll	Procedure	HPNR	HPNR code		1530	1970-01-01	2099-12-31	
2000000228	Ultrasound heat therapy	Procedure	HPNR	HPNR code		1531	1970-01-01	2099-12-31	
2000000229	Full bath with peloids e.g. fango, silt or moor	Procedure	HPNR	HPNR code		1532	1970-01-01	2099-12-31	
2000000230	Partial bath with peloids e.g. fango, silt or moor	Procedure	HPNR	HPNR code		1533	1970-01-01	2099-12-31	
2000000231	Cold therapy on one or more body part(s)	Procedure	HPNR	HPNR code		1534	1970-01-01	2099-12-31	
2000000233	Partial bath	Procedure	HPNR	HPNR code		1601	1970-01-01	2099-12-31	
2000000234	Sitz bath	Procedure	HPNR	HPNR code		1602	1970-01-01	2099-12-31	
2000000235	Contrast partial bath	Procedure	HPNR	HPNR code		1603	1970-01-01	2099-12-31	
2000000236	Contrast full bath	Procedure	HPNR	HPNR code		1604	1970-01-01	2099-12-31	
2000000237	Partial bath ascending and descending	Procedure	HPNR	HPNR code		1605	1970-01-01	2099-12-31	
2000000238	Full bath ascending and descending	Procedure	HPNR	HPNR code		1606	1970-01-01	2099-12-31	
2000000239	Overheating bath	Procedure	HPNR	HPNR code		1607	1970-01-01	2099-12-31	
2000000240	Steam shower	Procedure	HPNR	HPNR code		1608	1970-01-01	2099-12-31	
2000000241	Steam shower with tempered shower and foot tub with warm water	Procedure	HPNR	HPNR code		1609	1970-01-01	2099-12-31	
2000000242	Contrast shower	Procedure	HPNR	HPNR code		1610	1970-01-01	2099-12-31	
2000000243	Partial pouring, partial flash pouring	Procedure	HPNR	HPNR code		1611	1970-01-01	2099-12-31	
2000000244	Full pouring, full flash pouring	Procedure	HPNR	HPNR code		1612	1970-01-01	2099-12-31	
2000000245	Interchangeable partial pouring	Procedure	HPNR	HPNR code		1613	1970-01-01	2099-12-31	
2000000246	Interchangeable full pouring	Procedure	HPNR	HPNR code		1614	1970-01-01	2099-12-31	
2000000247	Pours (incl. preceding warm foot bath)	Procedure	HPNR	HPNR code		1615	1970-01-01	2099-12-31	
2000000248	Water treading	Procedure	HPNR	HPNR code		1616	1970-01-01	2099-12-31	
2000000249	Water treading in groups	Procedure	HPNR	HPNR code		1617	1970-01-01	2099-12-31	
2000000250	Rubbing off	Procedure	HPNR	HPNR code		1618	1970-01-01	2099-12-31	
2000000251	Sweat packs	Procedure	HPNR	HPNR code		1619	1970-01-01	2099-12-31	
2000000252	Wraps, compresses, pads	Procedure	HPNR	HPNR code		1620	1970-01-01	2099-12-31	
2000000253	Cold pours	Procedure	HPNR	HPNR code		1621	1970-01-01	2099-12-31	
2000000254	Alternate pours	Procedure	HPNR	HPNR code		1622	1970-01-01	2099-12-31	
2000000255	Cold flash pours	Procedure	HPNR	HPNR code		1623	1970-01-01	2099-12-31	
2000000256	Alternate flash pours	Procedure	HPNR	HPNR code		1624	1970-01-01	2099-12-31	
2000000258	Partial bath	Procedure	HPNR	HPNR code		1701	1970-01-01	2099-12-31	
2000000259	Hauff's partial baths	Procedure	HPNR	HPNR code		1702	1970-01-01	2099-12-31	
2000000260	Sitz bath	Procedure	HPNR	HPNR code		1703	1970-01-01	2099-12-31	
2000000261	Half bath with additive	Procedure	HPNR	HPNR code		1704	1970-01-01	2099-12-31	
2000000262	Full bath	Procedure	HPNR	HPNR code		1705	1970-01-01	2099-12-31	
2000000263	Medical bath without additive	Procedure	HPNR	HPNR code		1706	1970-01-01	2099-12-31	
2000000264	Medical full bath with additive and without rest	Procedure	HPNR	HPNR code		1707	1970-01-01	2099-12-31	
2000000265	Medical full bath with additive and rest	Procedure	HPNR	HPNR code		1708	1970-01-01	2099-12-31	
2000000266	Brush massage bath	Procedure	HPNR	HPNR code		1709	1970-01-01	2099-12-31	
2000000267	Gas bath without additive	Procedure	HPNR	HPNR code		1710	1970-01-01	2099-12-31	
2000000268	Gas bath with additive	Procedure	HPNR	HPNR code		1711	1970-01-01	2099-12-31	
2000000269	Gas bath with additive and rest	Procedure	HPNR	HPNR code		1712	1970-01-01	2099-12-31	
2000000270	Carbonic acid gas bath	Procedure	HPNR	HPNR code		1713	1970-01-01	2099-12-31	
2000000271	Carbonic acid bath	Procedure	HPNR	HPNR code		1714	1970-01-01	2099-12-31	
2000000272	Carbonic acid bath (2 kg natural brine)	Procedure	HPNR	HPNR code		1715	1970-01-01	2099-12-31	
2000000273	Carbonic acid chalybeate bath	Procedure	HPNR	HPNR code		1716	1970-01-01	2099-12-31	
2000000274	Lohtannin bath	Procedure	HPNR	HPNR code		1717	1970-01-01	2099-12-31	
2000000275	Oxygen bath	Procedure	HPNR	HPNR code		1718	1970-01-01	2099-12-31	
2000000276	Sulphur bath	Procedure	HPNR	HPNR code		1719	1970-01-01	2099-12-31	
2000000277	Additives	Procedure	HPNR	HPNR code		1720	1970-01-01	2099-12-31	
2000000278	Subaqueous intestinal bath	Procedure	HPNR	HPNR code		1721	1970-01-01	2099-12-31	
2000000279	Intestinal bath with rest	Procedure	HPNR	HPNR code		1722	1970-01-01	2099-12-31	
2000000280	Intestinal bath (Gymnacolon, Widrig, etc.)	Procedure	HPNR	HPNR code		1723	1970-01-01	2099-12-31	
2000000281	Iodine thermal brine bath	Procedure	HPNR	HPNR code		1724	1970-01-01	2099-12-31	
2000000282	Iodine, iodine sulphur bath	Procedure	HPNR	HPNR code		1725	1970-01-01	2099-12-31	
2000000283	Bran bath	Procedure	HPNR	HPNR code		1726	1970-01-01	2099-12-31	
2000000284	Soda bath	Procedure	HPNR	HPNR code		1727	1970-01-01	2099-12-31	
2000000285	Brine bath	Procedure	HPNR	HPNR code		1728	1970-01-01	2099-12-31	
2000000286	Sitz bath with brine additive	Procedure	HPNR	HPNR code		1729	1970-01-01	2099-12-31	
2000000287	Tar bath	Procedure	HPNR	HPNR code		1730	1970-01-01	2099-12-31	
2000000288	Full bath with peloids (e.g. fango, silt or moor)	Procedure	HPNR	HPNR code		1731	1970-01-01	2099-12-31	
2000000289	Carbonic acid gas bath (CO2 dry bath) as a full, three-quarter or half bath	Procedure	HPNR	HPNR code		1732	2005-11-15	2099-12-31	
2000000290	Carbonic acid gas bath (CO2 dry bath) as partial bath	Procedure	HPNR	HPNR code		1733	2005-11-15	2099-12-31	
2000000292	Individual treatment	Procedure	HPNR	HPNR code		1801	1970-01-01	2099-12-31	
2000000293	Room inhalation	Procedure	HPNR	HPNR code		1802	1970-01-01	2099-12-31	
2000000294	Individual treatment with the addition of medication	Procedure	HPNR	HPNR code		1803	1970-01-01	2099-12-31	
2000000296	Instruction for birth preparation	Observation	HPNR	HPNR code		1901	1970-01-01	2099-12-31	
2000000297	Cupping	Procedure	HPNR	HPNR code		1902	1970-01-01	2099-12-31	
2000000298	Post treatement rest	Observation	HPNR	HPNR code		1903	1970-01-01	2099-12-31	
2000000299	Postpartum gymnastics with instruction in the group	Observation	HPNR	HPNR code		1904	1970-01-01	2099-12-31	
2000000300	Markdown	Observation	HPNR	HPNR code		1905	1970-01-01	2099-12-31	
2000000301	Physiotherapy report on special written request	Observation	HPNR	HPNR code		1906	2021-08-01	2099-12-31	
2000000303	D1	Observation	HPNR	HPNR code		2001	1970-01-01	2099-12-31	
2000000304	D2	Observation	HPNR	HPNR code		2002	1970-01-01	2099-12-31	
2000000306	Initial examination interview	Observation	HPNR	HPNR code		3001	1970-01-01	2099-12-31	
2000000307	Initial speech therapy examination	Observation	HPNR	HPNR code		3002	1970-01-01	2099-12-31	
2000000308	Speech therapy status/initial examination/survey	Observation	HPNR	HPNR code		3003	1970-01-01	2099-12-31	
2000000309	Speech therapy status/initial examination for aphasia/dysarthria	Observation	HPNR	HPNR code		3004	1970-01-01	2099-12-31	
2000000310	Discussion of the speech therapy status/survey	Observation	HPNR	HPNR code		3005	1970-01-01	2099-12-31	
2000000311	Standardized procedures for the survey of the speech therapy status	Observation	HPNR	HPNR code		3006	1970-01-01	2099-12-31	
2000000312	Test evaluation	Observation	HPNR	HPNR code		3007	1970-01-01	2099-12-31	
2000000305	Initial examination	Observation	HPNR	HPNR Hierarchy		30	1970-01-01	2099-12-31	
2000000313	Speech therapy survey/speech therapy status in cases of unclear genesis	Observation	HPNR	HPNR code		3008	1970-01-01	2099-12-31	
2000000314	Short speech therapy status	Observation	HPNR	HPNR code		3009	1970-01-01	2099-12-31	
2000000315	Initial diagnostics	Observation	HPNR	HPNR code		3010	1970-01-01	2099-12-31	
2000000316	Diagnostic on demand	Observation	HPNR	HPNR code		3011	2021-03-17	2099-12-31	
2000000318	15 minutes (therapy time on the patient)	Observation	HPNR	HPNR code		3101	1970-01-01	2099-12-31	
2000000319	30 minutes (therapy time with the patient)	Observation	HPNR	HPNR code		3102	1970-01-01	2099-12-31	
2000000320	45 minutes (therapy time with the patient)	Observation	HPNR	HPNR code		3103	1970-01-01	2099-12-31	
2000000321	60 minutes (therapy time with the patient)	Observation	HPNR	HPNR code		3104	1970-01-01	2099-12-31	
2000000322	At least 40 minutes (therapy time on the patient)	Observation	HPNR	HPNR code		3105	1970-01-01	2099-12-31	
2000000323	At least 55 minutes (therapy time on the patient)	Observation	HPNR	HPNR code		3106	1970-01-01	2099-12-31	
2000000324	At least 70 minutes (therapy time on the patient)	Observation	HPNR	HPNR code		3107	1970-01-01	2099-12-31	
2000000325	45 minutes	Observation	HPNR	HPNR code		3108	1970-01-01	2099-12-31	
2000000326	30 minutes	Observation	HPNR	HPNR code		3109	1970-01-01	2099-12-31	
2000000327	Electromechanical vibration massage	Observation	HPNR	HPNR code		3110	1970-01-01	2099-12-31	
2000000328	60 minutes	Observation	HPNR	HPNR code		3111	1970-01-01	2099-12-31	
2000000329	At least 25 minutes (therapy time on the patient)	Observation	HPNR	HPNR code		3112	1970-01-01	2099-12-31	
2000000330	Electrotreatment	Observation	HPNR	HPNR code		3113	1970-01-01	2099-12-31	
2000000331	Individual therapy (telemedical service) standard treatment time: 30 minutes	Observation	HPNR	HPNR code		3122	2022-04-01	2099-12-31	
2000000332	Individual therapy (telemedical service) standard treatment time: 45 minutes	Observation	HPNR	HPNR code		3123	2022-04-01	2099-12-31	
2000000333	Individual therapy (telemedical service) standard treatment time: 60 minutes	Observation	HPNR	HPNR code		3124	2022-04-01	2099-12-31	
2000000335	Per participant	Observation	HPNR	HPNR code		3201	1970-01-01	2099-12-31	
2000000336	Maximum 3 participants, per participant	Observation	HPNR	HPNR code		3202	1970-01-01	2099-12-31	
2000000337	Maximum 4 participants, per participant	Observation	HPNR	HPNR code		3203	1970-01-01	2099-12-31	
2000000338	Maximum 5 participants, per participant	Observation	HPNR	HPNR code		3204	1970-01-01	2099-12-31	
2000000339	Maximum 6 participants, per participant	Observation	HPNR	HPNR code		3205	1970-01-01	2099-12-31	
2000000340	For stutterers, per participant	Observation	HPNR	HPNR code		3206	1970-01-01	2099-12-31	
2000000341	Children, per participant	Observation	HPNR	HPNR code		3207	1970-01-01	2099-12-31	
2000000342	Adults, per participant	Observation	HPNR	HPNR code		3208	1970-01-01	2099-12-31	
2000000343	Children, group of 2, at least 60 minutes, per group	Observation	HPNR	HPNR code		3209	1970-01-01	2099-12-31	
2000000344	Children, group of 3, at least 60 minutes, per group	Observation	HPNR	HPNR code		3210	1970-01-01	2099-12-31	
2000000345	Children, group of 4, at least 60 minutes, per group	Observation	HPNR	HPNR code		3211	1970-01-01	2099-12-31	
2000000346	Adults, group of 2, at least 90 minutes, per group	Observation	HPNR	HPNR code		3212	1970-01-01	2099-12-31	
2000000347	Adults, group of 3, at least 90 minutes, per group	Observation	HPNR	HPNR code		3213	1970-01-01	2099-12-31	
2000000348	Adults, group of 4, at least 90 minutes, per group	Observation	HPNR	HPNR code		3214	1970-01-01	2099-12-31	
2000000349	Per participant for voice disorders	Observation	HPNR	HPNR code		3215	1970-01-01	2099-12-31	
2000000350	Per participant for speech and/or voice disorders	Observation	HPNR	HPNR code		3216	1970-01-01	2099-12-31	
2000000351	Per participant for voice disorders, at least 60 minutes	Observation	HPNR	HPNR code		3217	1970-01-01	2099-12-31	
2000000352	Per participant for speech and/or voice disorders, at least 60 minutes	Observation	HPNR	HPNR code		3218	1970-01-01	2099-12-31	
2000000353	30 minutes therapy time on the patient (2 participants), per participant	Observation	HPNR	HPNR code		3219	1970-01-01	2099-12-31	
2000000354	45 minutes therapy time with the patients (2 participants), per participant	Observation	HPNR	HPNR code		3220	1970-01-01	2099-12-31	
2000000355	60 minutes therapy time on the patient (2 participants), per participant	Observation	HPNR	HPNR code		3221	1970-01-01	2099-12-31	
2000000356	Group with 3-5 patients (45 minutes therapy time with the patients), per participant	Observation	HPNR	HPNR code		3222	1970-01-01	2099-12-31	
2000000357	Group of two (90 minutes therapy time with the patients), per participant	Observation	HPNR	HPNR code		3223	1970-01-01	2099-12-31	
2000000358	Group with 3-5 patients (90 minutes therapy time with the patients), per participant	Observation	HPNR	HPNR code		3224	1970-01-01	2099-12-31	
2000000359	Group therapy of 2 patients, per patient (telemedical service) standard treatment time: 45 minutes	Observation	HPNR	HPNR code		3240	2022-04-01	2099-12-31	
2000000360	Group therapy of 3-5 patients, per patient (telemedical service) standard treatment time: 45 minutes	Observation	HPNR	HPNR code		3242	2022-04-01	2099-12-31	
2000000361	Group therapy of 2 patients, per patient (telemedical service) standard treatment time: 90 minutes	Observation	HPNR	HPNR code		3243	2022-04-01	2099-12-31	
2000000362	Group therapy of 3-5 patients, per patient (telemedical service) standard treatment time: 90 minutes	Observation	HPNR	HPNR code		3244	2022-04-01	2099-12-31	
2000000364	On request of the health insurance	Observation	HPNR	HPNR code		3301	1970-01-01	2099-12-31	
2000000365	Order report	Observation	HPNR	HPNR code		3302	2021-03-17	2099-12-31	
2000000366	Report on special request	Observation	HPNR	HPNR code		3303	2021-03-17	2099-12-31	
2000000368	Speech therapy consultation and/or speech therapy instruction of the caregiver	Observation	HPNR	HPNR code		3401	1970-01-01	2099-12-31	
2000000370	Recording of findings	Observation	HPNR	HPNR code		4001	1970-01-01	2099-12-31	
2000000371	Functional analysis and anamnesis	Observation	HPNR	HPNR code		4002	1970-01-01	2099-12-31	
2000000373	Individual treatment (45 minutes)	Observation	HPNR	HPNR code		4101	1970-01-01	2099-12-31	
2000000374	For motor disorders	Observation	HPNR	HPNR code		4102	1970-01-01	2099-12-31	
2000000363	Detailed speech therapy report	Observation	HPNR	HPNR Hierarchy		33	1970-01-01	2099-12-31	
2000000367	Consultation	Observation	HPNR	HPNR Hierarchy		34	1970-01-01	2099-12-31	
2000000369	Recording of findings	Observation	HPNR	HPNR Hierarchy		40	1970-01-01	2099-12-31	
2000000372	Individual treatment	Observation	HPNR	HPNR Hierarchy		41	1970-01-01	2099-12-31	
2000000375	For sensorimotor/perceptive disorders	Observation	HPNR	HPNR code		4103	1970-01-01	2099-12-31	
2000000376	Occupational therapy brain performance training	Observation	HPNR	HPNR code		4104	1970-01-01	2099-12-31	
2000000377	For mental disorders	Observation	HPNR	HPNR code		4105	1970-01-01	2099-12-31	
2000000378	Individual treatment (60 minutes)	Observation	HPNR	HPNR code		4106	1970-01-01	2099-12-31	
2000000379	For motor-functional disorders (up to 3 sessions in one day) for advice on integration into the home and social environment	Observation	HPNR	HPNR code		4107	1970-01-01	2099-12-31	
2000000380	For sensorimotor/perceptive disorders (up to 3 sessions in one day) for advice on integration into the home and social environment in the context of a home visit	Observation	HPNR	HPNR code		4108	1970-01-01	2099-12-31	
2000000381	For mental-functional disorders (up to 2 sessions in one day) for advice on integration into the home and social environment in the context of a home visit	Observation	HPNR	HPNR code		4109	1970-01-01	2099-12-31	
2000000382	For mental-functional disorders (to the extent that prescribed contiguous sessions are dispensed as stress testing)	Observation	HPNR	HPNR code		4110	1970-01-01	2099-12-31	
2000000383	Advice on integration into the home and social environment	Observation	HPNR	HPNR code		4111	1970-01-01	2099-12-31	
2000000497	Low-frequency cuurents	Procedure	HPNR	HPNR code		6503	1970-01-01	2099-12-31	
2000000384	For occupational therapy brain performance training for advice on integration into the home and social environment	Observation	HPNR	HPNR code		4112	2022-01-01	2099-12-31	
2000000386	60 minutes, per participant	Observation	HPNR	HPNR code		4201	1970-01-01	2099-12-31	
2000000387	3-5 patients, 45 minutes, per participant	Observation	HPNR	HPNR code		4202	1970-01-01	2099-12-31	
2000000388	For mental disorders, 90 minutes, per participant	Observation	HPNR	HPNR code		4203	1970-01-01	2099-12-31	
2000000389	5-6 patients, 60 minutes, per participant	Observation	HPNR	HPNR code		4204	1970-01-01	2099-12-31	
2000000390	For motor disorders (2 participants)	Observation	HPNR	HPNR code		4205	1970-01-01	2099-12-31	
2000000391	For sensorimotor/perceptive disorders (2 participants)	Observation	HPNR	HPNR code		4206	1970-01-01	2099-12-31	
2000000392	Occupational therapy brain performance training ( 2 participants)	Observation	HPNR	HPNR code		4207	1970-01-01	2099-12-31	
2000000393	For mental disorders (2 participants)	Observation	HPNR	HPNR code		4208	1970-01-01	2099-12-31	
2000000394	For motor-functional disorders	Observation	HPNR	HPNR code		4209	1970-01-01	2099-12-31	
2000000395	For sensorimotor-perceptive disorders	Observation	HPNR	HPNR code		4210	1970-01-01	2099-12-31	
2000000396	Brain performance training	Observation	HPNR	HPNR code		4211	1970-01-01	2099-12-31	
2000000397	For mental-functional disorders	Observation	HPNR	HPNR code		4212	1970-01-01	2099-12-31	
2000000398	For mental-functional disorders (to the extent that prescribed contiguous sessions are dispensed as stress testing)	Observation	HPNR	HPNR code		4213	1970-01-01	2099-12-31	
2000000400	Thermal application	Observation	HPNR	HPNR code		4301	1970-01-01	2099-12-31	
2000000402	Splint, postoperative	Observation	HPNR	HPNR code		4401	1970-01-01	2099-12-31	
2000000403	Splint, temporary	Observation	HPNR	HPNR code		4402	1970-01-01	2099-12-31	
2000000404	Production/customization	Observation	HPNR	HPNR code		4403	1970-01-01	2099-12-31	
2000000405	Material costs	Observation	HPNR	HPNR code		4404	1970-01-01	2099-12-31	
2000000406	Temporary splints without cost estimate	Observation	HPNR	HPNR code		4405	1970-01-01	2099-12-31	
2000000407	Temporary splints after cost estimate	Observation	HPNR	HPNR code		4406	1970-01-01	2099-12-31	
2000000409	Production of aids/adaptations per minute	Observation	HPNR	HPNR code		4501	1970-01-01	2099-12-31	
2000000410	Material costs	Observation	HPNR	HPNR code		4502	1970-01-01	2099-12-31	
2000000412	Nutritional therapy anamnesis (30 minutes session)	Procedure	HPNR	HPNR code		5001	2017-09-26	2099-12-31	
2000000413	Nutritional therapy anamnesis (15 minutes session)	Procedure	HPNR	HPNR code		5002	2017-09-26	2099-12-31	
2000000414	Individual treatment (30 minutes session)	Procedure	HPNR	HPNR code		5003	2017-09-26	2099-12-31	
2000000415	Individual treatment (15 minutes session)	Procedure	HPNR	HPNR code		5004	2017-09-26	2099-12-31	
2000000416	Individual treatment in the home or social environment (up to 4x per year up to 4x 30 minutes per prescription are billable)	Procedure	HPNR	HPNR code		5005	2017-09-26	2099-12-31	
2000000417	Group treatment (30 minutes session)	Procedure	HPNR	HPNR code		5006	2017-09-26	2099-12-31	
2000000418	Group treatment (15 minutes session)	Procedure	HPNR	HPNR code		5007	2017-09-26	2099-12-31	
2000000419	Calculation and evaluation of nutrition protocols and development of corresponding individual recommendations	Procedure	HPNR	HPNR code		5008	2017-09-26	2099-12-31	
2000000420	Necessary coordination of therapy with a third party	Procedure	HPNR	HPNR code		5009	2017-09-26	2099-12-31	
2000000421	Nutritional therapy anamnesis via video transmission according to § 7a section 6 (standard service time 60 minutes, including at least 30 minutes with the patient)	Procedure	HPNR	HPNR code		5021	2022-04-06	2099-12-31	
2000000422	Nutritional therapy anamnesis via video transmission according to § 7a section 6 (standard service time 30 minutes, including at least 15 minutes with the patient)	Procedure	HPNR	HPNR code		5022	2022-04-06	2099-12-31	
2000000423	Nutritional therapy intervention - individual treatment via video transmission according to § 7a section 6 (standard service time 60 minutes, including at least 30 minutes with the patient)	Procedure	HPNR	HPNR code		5023	2022-04-06	2099-12-31	
2000000424	Nutritional therapy intervention - individual treatment via video transmission according to § 7a section 6 (standard service time 30 minutes, including at least 15 minutes with the patient)	Procedure	HPNR	HPNR code		5024	2022-04-06	2099-12-31	
2000000425	Nutritional therapy intervention - individual treatment in the home or social environment via video transmission according to § 7a section 6 (standard service time 60 minutes, including at least 30 minutes with the patient)	Procedure	HPNR	HPNR code		5025	2022-04-06	2099-12-31	
2000000426	Nutritional therapy intervention - group treatment via video transmission according to § 7a section 6 (standard service time 60 minutes, including at least 30 minutes with the patient)	Procedure	HPNR	HPNR code		5026	2022-04-06	2099-12-31	
2000000481	Exercise therapy 10-20 persons	Observation	HPNR	HPNR code		6309	1970-01-01	2099-12-31	
2000000555	Rising sitz or half bath	Procedure	HPNR	HPNR code		6706	1970-01-01	2099-12-31	
2000000408	Other services	Observation	HPNR	HPNR Hierarchy		45	1970-01-01	2099-12-31	
2000000411	Measures of nutrition therapy	Procedure	HPNR	HPNR Hierarchy		50	1970-01-01	2099-12-31	
2000000427	Nutritional therapy intervention - group treatment via video transmission according to § 7a section 6 (standard service time 30 minutes, including at least 15 minutes with the patient)	Procedure	HPNR	HPNR code		5027	2022-04-06	2099-12-31	
2000000428	Nutritional therapy anamnesis as telephone consultation according to § 7a section 6 (standard service time 60 minutes, including once max. 30 minutes with the patient)	Procedure	HPNR	HPNR code		5031	2022-04-06	2099-12-31	
2000000429	Nutritional therapy anamnesis as telephone consultation according to § 7a section 6 (standard service time 30 minutes, including once at least 15 minutes up to max. 30 minutes with the patient)	Procedure	HPNR	HPNR code		5032	2022-04-06	2099-12-31	
2000000430	Nutritional therapy intervention - individual treatment as telephone consultation according to § 7a section 6 (standard service time 60 minutes, including once max. 30 minutes with the patient)	Procedure	HPNR	HPNR code		5033	2022-04-06	2099-12-31	
2000000431	Nutritional therapy intervention - individual treatment as telephone consultation according to § 7a section 6 (standard service time 30 minutes, including once at least 15 minutes up to max. 30 minutes with the patient)	Procedure	HPNR	HPNR code		5034	2022-04-06	2099-12-31	
2000000432	Nutritional therapy intervention - individual treatment in the home or social environment as telephone consultation according to § 7a section 6 (standard service time 60 minutes, including once max. 30 minutes with the patient)	Procedure	HPNR	HPNR code		5035	2022-04-06	2099-12-31	
2000000498	High-frequency currents	Procedure	HPNR	HPNR code		6504	1970-01-01	2099-12-31	
2000000433	Nutritional therapy intervention - group treatment as telephone consultation according to § 7a section 6 (standard service time 60 minutes, including once max. 30 minutes with the patient)	Procedure	HPNR	HPNR code		5036	2022-04-06	2099-12-31	
2000000434	Nutrition therapy intervention - group treatment as telephone consultation according to § 7a section 6 (standard service time 30 minutes, including once at least 15 minutes up to max. 30 minutes with the patient)	Procedure	HPNR	HPNR code		5037	2022-04-06	2099-12-31	
2000000436	Spa massage/full-body massage	Observation	HPNR	HPNR code		6001	1970-01-01	2099-12-31	
2000000437	Rod massage	Observation	HPNR	HPNR code		6002	1970-01-01	2099-12-31	
2000000438	Constipation massage	Observation	HPNR	HPNR code		6003	1970-01-01	2099-12-31	
2000000439	Thoracic tapping massage	Observation	HPNR	HPNR code		6004	1970-01-01	2099-12-31	
2000000440	Underwater pressure jet massage in medicinal water	Observation	HPNR	HPNR code		6005	1970-01-01	2099-12-31	
2000000441	Underwater pressure jet massage in medicinal water with rest	Observation	HPNR	HPNR code		6006	1970-01-01	2099-12-31	
2000000442	Underwater pressure jet massage including hydroelectric full bath with rest	Observation	HPNR	HPNR code		6007	1970-01-01	2099-12-31	
2000000443	Partial massage	Observation	HPNR	HPNR code		6008	1970-01-01	2099-12-31	
2000000444	Connective tissue/periosteum massage	Observation	HPNR	HPNR code		6009	1970-01-01	2099-12-31	
2000000445	Underwater pressure jet massage in medicinal water with exercise pool	Observation	HPNR	HPNR code		6010	1970-01-01	2099-12-31	
2000000446	Partial massage with movement exercises	Observation	HPNR	HPNR code		6011	1970-01-01	2099-12-31	
2000000447	Brush massage including inredients or soap rubbing	Observation	HPNR	HPNR code		6012	1970-01-01	2099-12-31	
2000000448	Suction wave massage/suction boots	Observation	HPNR	HPNR code		6013	1970-01-01	2099-12-31	
2000000449	Underwater pressure jet massage (less than 600 l tub capacity)	Observation	HPNR	HPNR code		6014	1970-01-01	2099-12-31	
2000000450	Syncardial massage	Observation	HPNR	HPNR code		6015	1970-01-01	2099-12-31	
2000000451	Large massage	Observation	HPNR	HPNR code		6016	1970-01-01	2099-12-31	
2000000452	Colon massage	Observation	HPNR	HPNR code		6017	1970-01-01	2099-12-31	
2000000453	Underwater pressure jet massage with gymnastics and rest	Observation	HPNR	HPNR code		6018	1970-01-01	2099-12-31	
2000000455	Lymphatic drainage G. migraine	Observation	HPNR	HPNR code		6101	1970-01-01	2099-12-31	
2000000456	Partial treatment	Observation	HPNR	HPNR code		6102	1970-01-01	2099-12-31	
2000000458	Exercise therapy in medicinal water (also seawater) in the exercise pool	Observation	HPNR	HPNR code		6201	1970-01-01	2099-12-31	
2000000459	Exercise therapy in medicinal water (also seawater) in special therapy pools	Observation	HPNR	HPNR code		6202	1970-01-01	2099-12-31	
2000000460	Therapeutic gymnastics	Observation	HPNR	HPNR code		6203	1970-01-01	2099-12-31	
2000000461	Chirogymnastics	Observation	HPNR	HPNR code		6204	1970-01-01	2099-12-31	
2000000462	Orthopedic gymnastics with massage	Observation	HPNR	HPNR code		6205	1970-01-01	2099-12-31	
2000000463	Exercise therapy in medicinal water (also seawater) with extension	Observation	HPNR	HPNR code		6206	1970-01-01	2099-12-31	
2000000464	Exercise therapy in medicinal water (also seawater) on neurophysiological basis	Observation	HPNR	HPNR code		6207	1970-01-01	2099-12-31	
2000000465	Exercise therapy in medicinal water (also seawater) including dry gymnastics	Observation	HPNR	HPNR code		6208	1970-01-01	2099-12-31	
2000000466	Natural moor exercise pool	Observation	HPNR	HPNR code		6209	1970-01-01	2099-12-31	
2000000467	Respiratory gymnastics	Observation	HPNR	HPNR code		6210	1970-01-01	2099-12-31	
2000000468	Physiotherapy and massage with ice treatment	Observation	HPNR	HPNR code		6211	1970-01-01	2099-12-31	
2000000469	Exercise therapy with massage	Observation	HPNR	HPNR code		6212	1970-01-01	2099-12-31	
2000000470	Individual gymnastics	Observation	HPNR	HPNR code		6213	1970-01-01	2099-12-31	
2000000471	Movement exercises in 32 degress warm seawater	Observation	HPNR	HPNR code		6214	2005-11-15	2099-12-31	
2000000473	Respiratory gymnastics/breath relaxation gymnastics	Observation	HPNR	HPNR code		6301	1970-01-01	2099-12-31	
2000000474	Exercise therapy in medicinal water (also seawater) up to 3 persons	Observation	HPNR	HPNR code		6302	1970-01-01	2099-12-31	
2000000475	Exercise therapy in medicinal water (also seawater) 4-9 persons	Observation	HPNR	HPNR code		6303	1970-01-01	2099-12-31	
2000000476	Exercise therapy in medicinal water (also seawater) 10-20 persons	Observation	HPNR	HPNR code		6304	1970-01-01	2099-12-31	
2000000477	Therapeutic gymnastics 2-8 persons	Observation	HPNR	HPNR code		6305	1970-01-01	2099-12-31	
2000000478	Respiratory gymnastics up to 5 persons	Observation	HPNR	HPNR code		6306	1970-01-01	2099-12-31	
2000000479	Movement exercises in the thermal exercise pool	Observation	HPNR	HPNR code		6307	1970-01-01	2099-12-31	
2000000480	Movement exercises in the thermal bath	Observation	HPNR	HPNR code		6308	1970-01-01	2099-12-31	
2000000454	Manual lymphatic drainage	Observation	HPNR	HPNR Hierarchy		61	1970-01-01	2099-12-31	
2000000482	Physical training including swimming in medicinal water (also seawater)	Observation	HPNR	HPNR code		6310	1970-01-01	2099-12-31	
2000000483	Ergometer training including swimming in medicinal water (also seawater)	Observation	HPNR	HPNR code		6311	1970-01-01	2099-12-31	
2000000484	Ergometer training	Observation	HPNR	HPNR code		6312	1970-01-01	2099-12-31	
2000000485	Combined gymnastics (dry/medicinal water)	Observation	HPNR	HPNR code		6313	1970-01-01	2099-12-31	
2000000486	Physiotherapy in the exercise pool seawater	Observation	HPNR	HPNR code		6314	2005-11-15	2099-12-31	
2000000488	Perl's therapy	Procedure	HPNR	HPNR code		6401	1970-01-01	2099-12-31	
2000000489	Underwater extension	Procedure	HPNR	HPNR code		6402	1970-01-01	2099-12-31	
2000000490	Kuhlmann extirator	Procedure	HPNR	HPNR code		6403	1970-01-01	2099-12-31	
2000000491	Underwater extension with underwater massage	Procedure	HPNR	HPNR code		6404	1970-01-01	2099-12-31	
2000000492	Underwater extension with hydroelectric bath	Procedure	HPNR	HPNR code		6405	1970-01-01	2099-12-31	
2000000493	Underwater extension with rest	Procedure	HPNR	HPNR code		6406	1970-01-01	2099-12-31	
2000000495	Electrogymnastics	Procedure	HPNR	HPNR code		6501	1970-01-01	2099-12-31	
2000000496	Microwave	Procedure	HPNR	HPNR code		6502	1970-01-01	2099-12-31	
2000000499	Treshold current	Procedure	HPNR	HPNR code		6505	1970-01-01	2099-12-31	
2000000500	Hydroelectric full bath with medicinal water	Procedure	HPNR	HPNR code		6506	1970-01-01	2099-12-31	
2000000501	Hydroelectric full bath with medicinal water including rest	Procedure	HPNR	HPNR code		6507	1970-01-01	2099-12-31	
2000000502	Hydroelectric partial bath with medicinal water	Procedure	HPNR	HPNR code		6508	1970-01-01	2099-12-31	
2000000503	Stimulation current	Procedure	HPNR	HPNR code		6509	1970-01-01	2099-12-31	
2000000504	Interference current	Procedure	HPNR	HPNR code		6510	1970-01-01	2099-12-31	
2000000505	Iontophoresis of the eyes with medicinal water	Procedure	HPNR	HPNR code		6511	1970-01-01	2099-12-31	
2000000506	Iontophoresis	Procedure	HPNR	HPNR code		6512	1970-01-01	2099-12-31	
2000000507	Hydroelectric full bath with massage	Procedure	HPNR	HPNR code		6513	1970-01-01	2099-12-31	
2000000509	Moor crawling bath	Procedure	HPNR	HPNR code		6601	1970-01-01	2099-12-31	
2000000510	Moor treading	Procedure	HPNR	HPNR code		6602	1970-01-01	2099-12-31	
2000000511	Kneading with natural peloids/sand	Procedure	HPNR	HPNR code		6603	1970-01-01	2099-12-31	
2000000512	Packages with natural peloids	Procedure	HPNR	HPNR code		6604	1970-01-01	2099-12-31	
2000000513	Packages with natural silt, single application pack	Procedure	HPNR	HPNR code		6605	1970-01-01	2099-12-31	
2000000514	Heat application to one or more parts of the body (hot air, infrared, sollux)	Procedure	HPNR	HPNR code		6606	1970-01-01	2099-12-31	
2000000515	Cryotherapy in combination with other services	Procedure	HPNR	HPNR code		6607	1970-01-01	2099-12-31	
2000000516	Large wraps with and without additives (short, under and full wraps, scarf, lower and upper impactor, Spanish coat)	Procedure	HPNR	HPNR code		6608	1970-01-01	2099-12-31	
2000000517	Medium wraps separately, with and without additives (calf, leg, lumbar and chest wraps or pads)	Procedure	HPNR	HPNR code		6609	1970-01-01	2099-12-31	
2000000518	Small wraps separately, also heart compresses	Procedure	HPNR	HPNR code		6610	1970-01-01	2099-12-31	
2000000519	Schroth cure package	Procedure	HPNR	HPNR code		6611	1970-01-01	2099-12-31	
2000000520	Clay plaster large	Procedure	HPNR	HPNR code		6612	1970-01-01	2099-12-31	
2000000521	Cold air therapy	Procedure	HPNR	HPNR code		6613	1970-01-01	2099-12-31	
2000000522	Ice treatment of one or more parts of the body (also in combination with other services)	Procedure	HPNR	HPNR code		6614	1970-01-01	2099-12-31	
2000000523	Brine ice pack/ice towel	Procedure	HPNR	HPNR code		6615	1970-01-01	2099-12-31	
2000000524	Herbal steams	Procedure	HPNR	HPNR code		6616	1970-01-01	2099-12-31	
2000000525	Sand bath	Procedure	HPNR	HPNR code		6617	1970-01-01	2099-12-31	
2000000526	Natural mud normal pack with thermal bath	Procedure	HPNR	HPNR code		6618	1970-01-01	2099-12-31	
2000000527	Hot packs with natural peloids (whole packs)	Procedure	HPNR	HPNR code		6619	1970-01-01	2099-12-31	
2000000528	Hot packs with natural peloids (large packs)	Procedure	HPNR	HPNR code		6620	1970-01-01	2099-12-31	
2000000529	Hot packs with natural peloids and massage	Procedure	HPNR	HPNR code		6621	1970-01-01	2099-12-31	
2000000530	Sand heating bench	Procedure	HPNR	HPNR code		6622	1970-01-01	2099-12-31	
2000000531	Natural moor pack with additive	Procedure	HPNR	HPNR code		6623	1970-01-01	2099-12-31	
2000000532	Hay flower sack (large application)	Procedure	HPNR	HPNR code		6624	1970-01-01	2099-12-31	
2000000533	Moor sitz bath	Procedure	HPNR	HPNR code		6625	1970-01-01	2099-12-31	
2000000534	Moor hand bath	Procedure	HPNR	HPNR code		6626	1970-01-01	2099-12-31	
2000000535	Natural moor pack 50 degrees celsius	Procedure	HPNR	HPNR code		6627	1970-01-01	2099-12-31	
2000000536	Natural moor pack 25 degrees celsius	Procedure	HPNR	HPNR code		6628	1970-01-01	2099-12-31	
2000000537	Natural moor pack 30 degrees celsius	Procedure	HPNR	HPNR code		6629	1970-01-01	2099-12-31	
2000000538	Hot air with massage	Procedure	HPNR	HPNR code		6630	1970-01-01	2099-12-31	
2000000539	Fango with massage	Procedure	HPNR	HPNR code		6631	1970-01-01	2099-12-31	
2000000540	Hot air	Procedure	HPNR	HPNR code		6632	1970-01-01	2099-12-31	
2000000541	Partial bath (natural peloids)	Procedure	HPNR	HPNR code		6633	1970-01-01	2099-12-31	
2000000542	Half bath (natural peloids)	Procedure	HPNR	HPNR code		6634	1970-01-01	2099-12-31	
2000000543	Full bath (natural peloids)	Procedure	HPNR	HPNR code		6635	1970-01-01	2099-12-31	
2000000544	Hot pack chalk (large treatment)	Procedure	HPNR	HPNR code		6636	1970-01-01	2099-12-31	
2000000545	Hot pack chalk (partial treatment)	Procedure	HPNR	HPNR code		6637	1970-01-01	2099-12-31	
2000000546	Chalk bath	Procedure	HPNR	HPNR code		6638	1970-01-01	2099-12-31	
2000000547	Cold pack chalk	Procedure	HPNR	HPNR code		6639	1970-01-01	2099-12-31	
2000000548	Chalk cold compress	Procedure	HPNR	HPNR code		6640	1970-01-01	2099-12-31	
2000000550	Large therapy	Procedure	HPNR	HPNR code		6701	1970-01-01	2099-12-31	
2000000551	Small therapy	Procedure	HPNR	HPNR code		6702	1970-01-01	2099-12-31	
2000000552	Kneipp full, three-quarter and half baths with additive	Procedure	HPNR	HPNR code		6703	1970-01-01	2099-12-31	
2000000553	Arm or foot bath alternating	Procedure	HPNR	HPNR code		6704	1970-01-01	2099-12-31	
2000000554	Arm or foot bath alternating with additive	Procedure	HPNR	HPNR code		6705	1970-01-01	2099-12-31	
2000000494	Electrotherapy	Procedure	HPNR	HPNR Hierarchy		65	1970-01-01	2099-12-31	
2000000557	Sitz bath with additive	Procedure	HPNR	HPNR code		6708	1970-01-01	2099-12-31	
2000000558	Brush massage bath with additive	Procedure	HPNR	HPNR code		6709	1970-01-01	2099-12-31	
2000000559	Alternating part flash	Procedure	HPNR	HPNR code		6710	1970-01-01	2099-12-31	
2000000560	Alternating full flash	Procedure	HPNR	HPNR code		6711	1970-01-01	2099-12-31	
2000000561	Scottish alternating shower	Procedure	HPNR	HPNR code		6712	1970-01-01	2099-12-31	
2000000562	Dry bushing	Procedure	HPNR	HPNR code		6713	1970-01-01	2099-12-31	
2000000563	Flash pouring bath	Procedure	HPNR	HPNR code		6714	1970-01-01	2099-12-31	
2000000564	Rising arm or foot bath	Procedure	HPNR	HPNR code		6715	1970-01-01	2099-12-31	
2000000565	Rising arm or foot bath with additive	Procedure	HPNR	HPNR code		6716	1970-01-01	2099-12-31	
2000000566	Arm or foot bath, cold	Procedure	HPNR	HPNR code		6717	1970-01-01	2099-12-31	
2000000567	Arm or foot bath, warm	Procedure	HPNR	HPNR code		6718	1970-01-01	2099-12-31	
2000000568	Kneipp treading bath (water treading)	Procedure	HPNR	HPNR code		6719	1970-01-01	2099-12-31	
2000000569	Kneipp treatment	Procedure	HPNR	HPNR code		6720	1970-01-01	2099-12-31	
2000000570	Steam box bath	Procedure	HPNR	HPNR code		6721	1970-01-01	2099-12-31	
2000000571	Sauna bath	Procedure	HPNR	HPNR code		6722	1970-01-01	2099-12-31	
2000000572	Partial steam bath	Procedure	HPNR	HPNR code		6723	1970-01-01	2099-12-31	
2000000573	Brine hydrotherapy (single)	Procedure	HPNR	HPNR code		6724	1970-01-01	2099-12-31	
2000000574	Brine hydrotherapy (group)	Procedure	HPNR	HPNR code		6725	1970-01-01	2099-12-31	
2000000576	Thermal tub bath with carbonic acid	Procedure	HPNR	HPNR code		6801	1970-01-01	2099-12-31	
2000000577	Thermal mineral bath without addtive	Procedure	HPNR	HPNR code		6802	1970-01-01	2099-12-31	
2000000578	Thermal mineral bath with addtive	Procedure	HPNR	HPNR code		6803	1970-01-01	2099-12-31	
2000000579	Thermal mineral gas bath	Procedure	HPNR	HPNR code		6804	1970-01-01	2099-12-31	
2000000580	Thermal carbonic acid dry gas bath	Procedure	HPNR	HPNR code		6805	1970-01-01	2099-12-31	
2000000581	Thermal tub bath	Procedure	HPNR	HPNR code		6806	1970-01-01	2099-12-31	
2000000582	Thermal tub bath with additive	Procedure	HPNR	HPNR code		6807	1970-01-01	2099-12-31	
2000000583	Thermal tub bath with mud	Procedure	HPNR	HPNR code		6808	1970-01-01	2099-12-31	
2000000584	Thermal bubble bath	Procedure	HPNR	HPNR code		6809	1970-01-01	2099-12-31	
2000000585	Thermal partial bath	Procedure	HPNR	HPNR code		6810	1970-01-01	2099-12-31	
2000000586	Thermal spring gas bath	Procedure	HPNR	HPNR code		6811	1970-01-01	2099-12-31	
2000000587	Thermal, sulfur, brine bath	Procedure	HPNR	HPNR code		6812	1970-01-01	2099-12-31	
2000000588	Mineral tub bath with additive and rest	Procedure	HPNR	HPNR code		6813	1970-01-01	2099-12-31	
2000000589	Mineral partial bath with additive	Procedure	HPNR	HPNR code		6814	1970-01-01	2099-12-31	
2000000590	Mineral partial bath according to Hauff	Procedure	HPNR	HPNR code		6815	1970-01-01	2099-12-31	
2000000591	Mineral partial bath according to Hauff brine bath for children	Procedure	HPNR	HPNR code		6816	1970-01-01	2099-12-31	
2000000592	Brine bath including rest	Procedure	HPNR	HPNR code		6817	1970-01-01	2099-12-31	
2000000593	Brine bath including additive and rest	Procedure	HPNR	HPNR code		6818	1970-01-01	2099-12-31	
2000000594	Brine bath with additive (e.g. valerian, oat straw, calamus root, etc.)	Procedure	HPNR	HPNR code		6819	1970-01-01	2099-12-31	
2000000595	Brine bubble bath	Procedure	HPNR	HPNR code		6820	1970-01-01	2099-12-31	
2000000596	Brine bubble bath with additive and rest	Procedure	HPNR	HPNR code		6821	1970-01-01	2099-12-31	
2000000597	Brine half bath or sitz bath without additive	Procedure	HPNR	HPNR code		6822	1970-01-01	2099-12-31	
2000000598	Brine half bath or sitz bath with additive	Procedure	HPNR	HPNR code		6823	1970-01-01	2099-12-31	
2000000599	brine carbonic acid spruce needle bath	Procedure	HPNR	HPNR code		6824	1970-01-01	2099-12-31	
2000000600	Solemar open bathing cure	Procedure	HPNR	HPNR code		6825	1970-01-01	2099-12-31	
2000000601	Solemar single applications	Procedure	HPNR	HPNR code		6826	1970-01-01	2099-12-31	
2000000602	Iodine brine bath	Procedure	HPNR	HPNR code		6827	1970-01-01	2099-12-31	
2000000603	Iodine brine brush bath	Procedure	HPNR	HPNR code		6828	1970-01-01	2099-12-31	
2000000604	Iodine brine tub bath with additive	Procedure	HPNR	HPNR code		6829	1970-01-01	2099-12-31	
2000000605	Iodine brine brush bath with additive	Procedure	HPNR	HPNR code		6830	1970-01-01	2099-12-31	
2000000606	Iodine, sulfur brine partial bath	Procedure	HPNR	HPNR code		6831	1970-01-01	2099-12-31	
2000000607	Iodine, sulfur brine sitz bath	Procedure	HPNR	HPNR code		6832	1970-01-01	2099-12-31	
2000000608	Iodine, sulfur full bath with additive	Procedure	HPNR	HPNR code		6833	1970-01-01	2099-12-31	
2000000609	Sea water bath without additive	Procedure	HPNR	HPNR code		6834	1970-01-01	2099-12-31	
2000000610	Sea water bath with additive	Procedure	HPNR	HPNR code		6835	1970-01-01	2099-12-31	
2000000611	Sea water with CO-2, air or oxygen	Procedure	HPNR	HPNR code		6836	1970-01-01	2099-12-31	
2000000612	Sea water warm bath	Procedure	HPNR	HPNR code		6837	1970-01-01	2099-12-31	
2000000613	Freshwater bath (spruce needle, moor extract, sulfur, chamomile, balnacid, hay flowers, brombaldrian etc.)	Procedure	HPNR	HPNR code		6838	1970-01-01	2099-12-31	
2000000614	Mud baths	Procedure	HPNR	HPNR code		6839	1970-01-01	2099-12-31	
2000000615	Fresh water bath with herbal extract	Procedure	HPNR	HPNR code		6840	1970-01-01	2099-12-31	
2000000616	Fresh water bath with carbonic acid	Procedure	HPNR	HPNR code		6841	1970-01-01	2099-12-31	
2000000617	Fresh water bath with oxygen	Procedure	HPNR	HPNR code		6842	1970-01-01	2099-12-31	
2000000618	Fresh water bath with oxygen and spruce needle	Procedure	HPNR	HPNR code		6843	1970-01-01	2099-12-31	
2000000619	Fresh water bath with carbonic acid and spruce needle	Procedure	HPNR	HPNR code		6844	1970-01-01	2099-12-31	
2000000620	Fresh water bath with salicyl moor, sulfur, moor or similar additives	Procedure	HPNR	HPNR code		6845	1970-01-01	2099-12-31	
2000000621	Fresh water bath/mineral bath with prescribed drug additive and rest	Procedure	HPNR	HPNR code		6846	1970-01-01	2099-12-31	
2000000622	Carbonic acid mixed bath	Procedure	HPNR	HPNR code		6847	1970-01-01	2099-12-31	
2000000623	Carbonic acid thermal sitz bath with additive	Procedure	HPNR	HPNR code		6848	1970-01-01	2099-12-31	
2000000624	Carbonic acid thermal sitz bath without additive	Procedure	HPNR	HPNR code		6849	1970-01-01	2099-12-31	
2000000625	Carbonic acid thermal partial bath	Procedure	HPNR	HPNR code		6850	1970-01-01	2099-12-31	
2000000626	Carbonic acid thermal bath 	Procedure	HPNR	HPNR code		6851	1970-01-01	2099-12-31	
2000000627	Carbonic acid thermal bath with additive	Procedure	HPNR	HPNR code		6852	1970-01-01	2099-12-31	
2000000628	Carbonic acid thermal bath with flow through	Procedure	HPNR	HPNR code		6853	1970-01-01	2099-12-31	
2000000629	Carbonic acid bath with additive	Procedure	HPNR	HPNR code		6854	1970-01-01	2099-12-31	
2000000630	Dry gas baths	Procedure	HPNR	HPNR code		6855	1970-01-01	2099-12-31	
2000000631	Vault bath	Procedure	HPNR	HPNR code		6856	1970-01-01	2099-12-31	
2000000632	Hungarian weight bath	Procedure	HPNR	HPNR code		6857	1970-01-01	2099-12-31	
2000000633	Neurodermatitis or psoriasis treatment (brine bath and UVA/B irradiation)	Procedure	HPNR	HPNR code		6858	1970-01-01	2099-12-31	
2000000634	Spruce needle extract bath	Procedure	HPNR	HPNR code		6859	1970-01-01	2099-12-31	
2000000635	Air bubble bath without additive/bubble stream bath	Procedure	HPNR	HPNR code		6860	1970-01-01	2099-12-31	
2000000636	Air bubble bath with additive	Procedure	HPNR	HPNR code		6861	1970-01-01	2099-12-31	
2000000637	Brush bath	Procedure	HPNR	HPNR code		6862	1970-01-01	2099-12-31	
2000000638	Oak bark bath	Procedure	HPNR	HPNR code		6863	1970-01-01	2099-12-31	
2000000639	Oat straw bath	Procedure	HPNR	HPNR code		6864	1970-01-01	2099-12-31	
2000000640	Wheat bran bath	Procedure	HPNR	HPNR code		6865	1970-01-01	2099-12-31	
2000000641	Horsetail bath	Procedure	HPNR	HPNR code		6866	1970-01-01	2099-12-31	
2000000642	Partial ice bath	Procedure	HPNR	HPNR code		6867	1970-01-01	2099-12-31	
2000000643	Oxygen bath with additive	Procedure	HPNR	HPNR code		6868	1970-01-01	2099-12-31	
2000000644	Rubriment bath	Procedure	HPNR	HPNR code		6869	1970-01-01	2099-12-31	
2000000645	Chamomile sitz bath	Procedure	HPNR	HPNR code		6870	1970-01-01	2099-12-31	
2000000646	Radon bath	Procedure	HPNR	HPNR code		6871	1970-01-01	2099-12-31	
2000000647	Mother liquor (1 liter)	Procedure	HPNR	HPNR code		6872	1970-01-01	2099-12-31	
2000000648	Clay full bath	Procedure	HPNR	HPNR code		6873	1970-01-01	2099-12-31	
2000000649	Clay ramming bath	Procedure	HPNR	HPNR code		6874	1970-01-01	2099-12-31	
2000000650	Seat rubbing bath	Procedure	HPNR	HPNR code		6875	1970-01-01	2099-12-31	
2000000651	Ozone bath	Procedure	HPNR	HPNR code		6876	1970-01-01	2099-12-31	
2000000652	Thermal spring bubble bath	Procedure	HPNR	HPNR code		6877	1970-01-01	2099-12-31	
2000000653	Natural moor full bath with additive	Procedure	HPNR	HPNR code		6878	1970-01-01	2099-12-31	
2000000654	Natural moor arm/foot bath with additive	Procedure	HPNR	HPNR code		6879	1970-01-01	2099-12-31	
2000000655	Brine bath and UVA/B spot irradiation (neurodermatitis or psoriasis treatment)	Procedure	HPNR	HPNR code		6880	1970-01-01	2099-12-31	
2000000656	Steam bath (e.g. with carbonic acid)	Procedure	HPNR	HPNR code		6881	1970-01-01	2099-12-31	
2000000657	Steam shower (e.g. with carbonic acid)	Procedure	HPNR	HPNR code		6882	1970-01-01	2099-12-31	
2000000658	Spring bath	Procedure	HPNR	HPNR code		6883	1970-01-01	2099-12-31	
2000000659	Oxygen bath with massage	Procedure	HPNR	HPNR code		6884	1970-01-01	2099-12-31	
2000000660	Carbonic acid bath with physiotherapy	Procedure	HPNR	HPNR code		6885	1970-01-01	2099-12-31	
2000000661	Carbonic acid bath with massage	Procedure	HPNR	HPNR code		6886	1970-01-01	2099-12-31	
2000000662	Four-cell bath e.g. with brine (also with medicinal water or sea water)	Procedure	HPNR	HPNR code		6887	1970-01-01	2099-12-31	
2000000663	Half bath	Procedure	HPNR	HPNR code		6888	1970-01-01	2099-12-31	
2000000665	Nose/throat/mouth shower with additive	Procedure	HPNR	HPNR code		7001	1970-01-01	2099-12-31	
2000000666	Nose/throat/mouth shower with additive and medicine additive	Procedure	HPNR	HPNR code		7002	1970-01-01	2099-12-31	
2000000667	Brine/sea water inhalation mouth, nose and eye shower	Procedure	HPNR	HPNR code		7003	1970-01-01	2099-12-31	
2000000668	Brine/sea water single inhalation with additive	Procedure	HPNR	HPNR code		7004	1970-01-01	2099-12-31	
2000000669	Brine/sea water room inhalation	Procedure	HPNR	HPNR code		7005	1970-01-01	2099-12-31	
2000000670	Brine/sea water single inhalation	Procedure	HPNR	HPNR code		7006	1970-01-01	2099-12-31	
2000000671	Brine/sea water room inhalation with additive	Procedure	HPNR	HPNR code		7007	1970-01-01	2099-12-31	
2000000672	Aerosol inhalation	Procedure	HPNR	HPNR code		7008	1970-01-01	2099-12-31	
2000000673	Apparatus or single inhalation	Procedure	HPNR	HPNR code		7009	1970-01-01	2099-12-31	
2000000674	Apparatus or single inhalation with drugs and extracts	Procedure	HPNR	HPNR code		7010	1970-01-01	2099-12-31	
2000000675	Room inhalation in the group with mineral water and additive	Procedure	HPNR	HPNR code		7011	1970-01-01	2099-12-31	
2000000676	Room inhalation brine and drugs (single cabin)	Procedure	HPNR	HPNR code		7012	1970-01-01	2099-12-31	
2000000677	Ultrasound room inhalation	Procedure	HPNR	HPNR code		7013	1970-01-01	2099-12-31	
2000000678	Ultrasound (single cabin)	Procedure	HPNR	HPNR code		7014	1970-01-01	2099-12-31	
2000000679	Inhalation on single device with drug additive	Procedure	HPNR	HPNR code		7015	1970-01-01	2099-12-31	
2000000680	Inhalation on single device with vibration	Procedure	HPNR	HPNR code		7016	1970-01-01	2099-12-31	
2000000681	Aerosol nebulization with self-prepared drug	Procedure	HPNR	HPNR code		7017	1970-01-01	2099-12-31	
2000000682	Aerosol nebulization with drug and prescription	Procedure	HPNR	HPNR code		7018	1970-01-01	2099-12-31	
2000000683	Oxygen drug nebulizer	Procedure	HPNR	HPNR code		7019	1970-01-01	2099-12-31	
2000000684	Treatment with positive pressure ventilator (IPPB)	Procedure	HPNR	HPNR code		7020	1970-01-01	2099-12-31	
2000000685	Inhalation additives	Procedure	HPNR	HPNR code		7021	1970-01-01	2099-12-31	
2000000686	Radon tunnel	Procedure	HPNR	HPNR code		7022	1970-01-01	2099-12-31	
2000000687	Special inhalation	Procedure	HPNR	HPNR code		7023	1970-01-01	2099-12-31	
2000000688	Radon emanation	Procedure	HPNR	HPNR code		7024	1970-01-01	2099-12-31	
2000000689	Cave therapy	Procedure	HPNR	HPNR code		7025	1970-01-01	2099-12-31	
2000000690	Radon tunnel (additional position)	Procedure	HPNR	HPNR code		7026	1970-01-01	2099-12-31	
2000000691	Radon tunnel (additional position)	Procedure	HPNR	HPNR code		7027	1970-01-01	2099-12-31	
2000000692	Radon tunnel (additional position)	Procedure	HPNR	HPNR code		7028	1970-01-01	2099-12-31	
2000000693	Radon tunnel (additional position)	Procedure	HPNR	HPNR code		7029	1970-01-01	2099-12-31	
2000000695	Phototherapy	Procedure	HPNR	HPNR code		7101	1970-01-01	2099-12-31	
2000000696	Sulfur phototherapy	Procedure	HPNR	HPNR code		7102	1970-01-01	2099-12-31	
2000000697	Brine phototherapy	Procedure	HPNR	HPNR code		7103	1970-01-01	2099-12-31	
2000000698	Brine rinse	Procedure	HPNR	HPNR code		7104	1970-01-01	2099-12-31	
2000000699	Iodine-brine spray treatment on the eye	Procedure	HPNR	HPNR code		7105	1970-01-01	2099-12-31	
2000000700	Phototherapy (spot irradiation)	Procedure	HPNR	HPNR code		7106	1970-01-01	2099-12-31	
2000000701	Phototherapy (partial treatment)	Procedure	HPNR	HPNR code		7107	1970-01-01	2099-12-31	
2000000702	Phototherapy (drug)	Procedure	HPNR	HPNR code		7108	1970-01-01	2099-12-31	
2000000703	Healing mud/healing clay	Procedure	HPNR	HPNR code		7109	1970-01-01	2099-12-31	
2000000704	Cortisone free head treatment	Procedure	HPNR	HPNR code		7110	1970-01-01	2099-12-31	
2000000705	Light-oil bath (under medical supervision)	Procedure	HPNR	HPNR code		7111	1970-01-01	2099-12-31	
2000000706	Photo-chemotherapy	Procedure	HPNR	HPNR code		7112	1970-01-01	2099-12-31	
2000000707	Vaginal moor therapy	Procedure	HPNR	HPNR code		7113	1970-01-01	2099-12-31	
2000000708	Brine bath for phototherapy	Procedure	HPNR	HPNR code		7114	1970-01-01	2099-12-31	
2000000709	Arm or foot bath with brine for phototherapy	Procedure	HPNR	HPNR code		7115	1970-01-01	2099-12-31	
2000000710	Brain performance training group (up to 4 patients)	Procedure	HPNR	HPNR code		7116	1970-01-01	2099-12-31	
2000000711	Brain performance training group (up to 6 patients)	Procedure	HPNR	HPNR code		7117	1970-01-01	2099-12-31	
2000000712	Running therapy/vascular training	Procedure	HPNR	HPNR code		7118	1970-01-01	2099-12-31	
2000000713	Exercise spa as controlled self-treatment for severely disabled people	Procedure	HPNR	HPNR code		7119	1970-01-01	2099-12-31	
2000000714	UV irradiation	Procedure	HPNR	HPNR code		7120	1970-01-01	2099-12-31	
2000000716	Pregnancy exercises	Observation	HPNR	HPNR code		7201	1970-01-01	2099-12-31	
2000000717	Walking exercises	Observation	HPNR	HPNR code		7202	1970-01-01	2099-12-31	
2000000718	Spa gymnastics group	Observation	HPNR	HPNR code		7203	1970-01-01	2099-12-31	
2000000719	Drinking cure (only within the scope of approved bathing cures)	Observation	HPNR	HPNR code		7204	1970-01-01	2099-12-31	
2000000720	Bath additives	Observation	HPNR	HPNR code		7205	1970-01-01	2099-12-31	
2000000721	Leech treatment	Observation	HPNR	HPNR code		7206	1970-01-01	2099-12-31	
2000000722	Drinking cure (card of 10)	Observation	HPNR	HPNR code		7207	1970-01-01	2099-12-31	
2000000723	Drinking cure (card of 25)	Observation	HPNR	HPNR code		7208	1970-01-01	2099-12-31	
2000000724	Drinking cure (card of 50)	Observation	HPNR	HPNR code		7209	1970-01-01	2099-12-31	
2000000725	Additional position for further packs with natural peloids 	Observation	HPNR	HPNR code		7210	1970-01-01	2099-12-31	
2000000726	Drinking and gargling cure complete	Observation	HPNR	HPNR code		7211	1970-01-01	2099-12-31	
2000000727	Rental fee for protective jacket	Observation	HPNR	HPNR code		7212	1970-01-01	2099-12-31	
2000000728	Sputum bottles	Observation	HPNR	HPNR code		7213	1970-01-01	2099-12-31	
2000000729	Oxygen delivery	Observation	HPNR	HPNR code		7214	1970-01-01	2099-12-31	
2000000730	Rheumatism group (health insurance share)	Observation	HPNR	HPNR code		7215	1970-01-01	2099-12-31	
2000000732	Swimming in the exercise pool	Observation	HPNR	HPNR code		7217	1970-01-01	2099-12-31	
2000000733	Climatotherapy	Observation	HPNR	HPNR code		7218	1970-01-01	2099-12-31	
2000000734	Findings and the like	Observation	HPNR	HPNR code		7219	1970-01-01	2099-12-31	
2000000735	Surcharge for disabled cabin	Observation	HPNR	HPNR code		7220	1970-01-01	2099-12-31	
2000000736	Analysis/diagnostics in the movement laboratory	Observation	HPNR	HPNR code		7221	1970-01-01	2099-12-31	
2000000737	Accompanying card (only on medical instruction)	Observation	HPNR	HPNR code		7222	1970-01-01	2099-12-31	
2000000738	Tinnitus (ear noise management training)	Observation	HPNR	HPNR code		7223	1970-01-01	2099-12-31	
2000000740	Addition 1	Observation	HPNR	HPNR code		7301	1970-01-01	2099-12-31	
2000000741	Addition 2	Observation	HPNR	HPNR code		7302	1970-01-01	2099-12-31	
2000000742	Addition 3	Observation	HPNR	HPNR code		7303	1970-01-01	2099-12-31	
2000000743	Addition 4	Observation	HPNR	HPNR code		7304	1970-01-01	2099-12-31	
2000000745	Corneal ablation	Observation	HPNR	HPNR code		8001	1970-01-01	2099-12-31	
2000000746	Nail treatment	Observation	HPNR	HPNR code		8002	1970-01-01	2099-12-31	
2000000747	Podological complex treatment	Observation	HPNR	HPNR code		8003	1970-01-01	2099-12-31	
2000000748	Corneal ablation on one foot	Observation	HPNR	HPNR code		8004	1970-01-01	2099-12-31	
2000000749	Nail treatment on one foot	Observation	HPNR	HPNR code		8005	1970-01-01	2099-12-31	
2000000750	Podological complex treatment on one foot	Observation	HPNR	HPNR code		8006	1970-01-01	2099-12-31	
2000000751	Podological treatment (small)	Observation	HPNR	HPNR code		8010	2020-12-03	2099-12-31	
2000000752	Podological treatment (large)	Observation	HPNR	HPNR code		8020	2020-12-03	2099-12-31	
2000000753	Podological recording of findings	Observation	HPNR	HPNR code		8030	2020-12-03	2099-12-31	
2000000755	Transmission fee	Observation	HPNR	HPNR code		9701	1970-01-01	2099-12-31	
2000000757	Medical pedicure (orthonoxy)	Observation	HPNR	HPNR code		9801	1970-01-01	2099-12-31	
2000000759	Home visit	Observation	HPNR	HPNR code		9901	1970-01-01	2099-12-31	
2000000760	Home visit of several patients (e.g. in a facility/community)	Observation	HPNR	HPNR code		9902	1970-01-01	2099-12-31	
2000000761	Home visit up to 3 km	Observation	HPNR	HPNR code		9903	1970-01-01	2099-12-31	
2000000762	Home visit up to 10 km	Observation	HPNR	HPNR code		9904	1970-01-01	2099-12-31	
2000000763	Home visit from 11 km	Observation	HPNR	HPNR code		9905	1970-01-01	2099-12-31	
2000000764	Travel allowance	Observation	HPNR	HPNR code		9906	1970-01-01	2099-12-31	
2000000765	Travel allowance per kilometer	Observation	HPNR	HPNR code		9907	1970-01-01	2099-12-31	
2000000766	Travel allowance per double kilometer	Observation	HPNR	HPNR code		9908	1970-01-01	2099-12-31	
2000000767	Travel allowance lump sum in closed localities	Observation	HPNR	HPNR code		9909	1970-01-01	2099-12-31	
2000000768	Travel allowance per kilometer when exceeding the town border	Observation	HPNR	HPNR code		9910	1970-01-01	2099-12-31	
2000000769	Travel allowance lump sum up to 15 km	Observation	HPNR	HPNR code		9911	1970-01-01	2099-12-31	
2000000770	Public transport	Observation	HPNR	HPNR code		9912	1970-01-01	2099-12-31	
2000000771	Home visit of a patient (e.g. in a facility/community)	Observation	HPNR	HPNR code		9913	1970-01-01	2099-12-31	
2000000715	Other remedial services	Procedure	HPNR	HPNR Hierarchy		72	1970-01-01	2099-12-31	
2000000744	Measures of podological therapy	Observation	HPNR	HPNR Hierarchy		80	1970-01-01	2099-12-31	
2000000756	Medical pedicure	Observation	HPNR	HPNR Hierarchy		98	1970-01-01	2099-12-31	
2000000772	Home visit (for mobile physiotherapists)	Observation	HPNR	HPNR code		9914	1970-01-01	2099-12-31	
2000000773	Home visit of another patient	Observation	HPNR	HPNR code		9915	1970-01-01	2099-12-31	
2000000774	Home visit (physiotherapy)	Observation	HPNR	HPNR code		9916	1970-01-01	2099-12-31	
2000000775	Home visit of another patient (physiotherapy)	Observation	HPNR	HPNR code		9917	1970-01-01	2099-12-31	
2000000776	Home visit (speech therapy)	Observation	HPNR	HPNR code		9918	1970-01-01	2099-12-31	
2000000777	Home visit of another patient (speech therapy)	Observation	HPNR	HPNR code		9919	1970-01-01	2099-12-31	
2000000778	Home visit (occupational therapy)	Observation	HPNR	HPNR code		9920	1970-01-01	2099-12-31	
2000000779	Home visit of another patient (occupational therapy)	Observation	HPNR	HPNR code		9921	1970-01-01	2099-12-31	
2000000780	Travel allowance lump sum in closed localities (physiotherapy)	Observation	HPNR	HPNR code		9923	1970-01-01	2099-12-31	
2000000781	Travel allowance lump sum when exceeding the locality (physiotherapy)	Observation	HPNR	HPNR code		9924	1970-01-01	2099-12-31	
2000000782	Travel allowance per kilometer (physiotherapy)	Observation	HPNR	HPNR code		9925	1970-01-01	2099-12-31	
2000000783	Travel allowance lump sum in closed localities (speech therapy)	Observation	HPNR	HPNR code		9926	1970-01-01	2099-12-31	
2000000784	Travel allowance lump sum when exceeding the locality (speech therapy)	Observation	HPNR	HPNR code		9927	1970-01-01	2099-12-31	
2000000785	Travel allowance per kilometer (speech therapy)	Observation	HPNR	HPNR code		9928	1970-01-01	2099-12-31	
2000000786	Travel allowance lump sum in closed localities (occupational therapy)	Observation	HPNR	HPNR code		9929	1970-01-01	2099-12-31	
2000000787	Travel allowance lump sum when exceeding the locality (occupational therapy)	Observation	HPNR	HPNR code		9930	1970-01-01	2099-12-31	
2000000788	Travel allowance per kilometer (occupational therapy)	Observation	HPNR	HPNR code		9931	1970-01-01	2099-12-31	
2000000789	Home visit lump sum for counseling on integration into the home and social life	Observation	HPNR	HPNR code		9932	1970-01-01	2099-12-31	
2000000790	Home visit including travel allowance (application lump sum)	Observation	HPNR	HPNR code		9933	1970-01-01	2099-12-31	
2000000791	Home visit of several patients (e.g. in a facility/community) including travel allowance (application lump sum)	Observation	HPNR	HPNR code		9934	1970-01-01	2099-12-31	
2000000792	Home visit including travel allowance (application lump sum, if other reimbursement positions are been agreed in a contract in deviation from X9933)	Observation	HPNR	HPNR code		9935	2005-11-15	2099-12-31	
2000000793	Home visit of several patients (e.g. in a facility/community) including travel allowance (applicaton lump sum, if other reimbursement positions are agreed in a contract in deviation from X9934)	Observation	HPNR	HPNR code		9936	2005-11-15	2099-12-31	
2000000794	Home visit (nutrition therapy)	Observation	HPNR	HPNR code		9937	2017-11-27	2099-12-31	
2000000795	Home visit of another patient (nutrition therapy)	Observation	HPNR	HPNR code		9938	2017-11-27	2099-12-31	
2000000796	Travel allowance lump sum in closed localities (nutrition therapy)	Observation	HPNR	HPNR code		9939	2017-11-27	2099-12-31	
2000000797	Travel allowance lump sum when exceeding the locality (nutrition therapy)	Observation	HPNR	HPNR code		9940	2017-11-27	2099-12-31	
2000000798	Travel allowance per kilometer (nutrition therapy)	Observation	HPNR	HPNR code		9941	2017-11-27	2099-12-31	
2000000799	Home visit in the context of individual treatment in the home or social environment (nutrition therapy)	Observation	HPNR	HPNR code		9942	2017-11-27	2099-12-31	
2000000800	Travel allowance per kilometer in the context of individual treatment in the home or social environment (nutrition therapy)	Observation	HPNR	HPNR code		9943	2017-11-27	2099-12-31	
2000000801	Hygienic measures Corona (billable from the effective date until the date specified in the COVID-19VSt-SchutzVO valid until 31.03.2021 or the HygPV valid from 01.04.2021)	Observation	HPNR	HPNR code		9944	2020-04-24	2099-12-31	
2000000156	Physiotherapy in exercise pool, individual treatment	Procedure	HPNR	HPNR Hierarchy		09	1970-01-01	2099-12-31	
2000000159	Physiotherapy in exercise pool, group treatment	Procedure	HPNR	HPNR Hierarchy		10	1970-01-01	2099-12-31	
2000000170	Manual therapy	Observation	HPNR	HPNR Hierarchy		12	1970-01-01	2099-12-31	
2000000176	Electrotherapy	Procedure	HPNR	HPNR Hierarchy		13	1970-01-01	2099-12-31	
2000000192	Phototherapy	Procedure	HPNR	HPNR Hierarchy		14	1970-01-01	2099-12-31	
2000000197	Heat and cold therapy	Procedure	HPNR	HPNR Hierarchy		15	1970-01-01	2099-12-31	
2000000232	Hydrotherapy	Procedure	HPNR	HPNR Hierarchy		16	1970-01-01	2099-12-31	
2000000257	Medical baths	Procedure	HPNR	HPNR Hierarchy		17	1970-01-01	2099-12-31	
2000000291	Inhalation therapy	Procedure	HPNR	HPNR Hierarchy		18	1970-01-01	2099-12-31	
2000000295	Other remedial services	Observation	HPNR	HPNR Hierarchy		19	1970-01-01	2099-12-31	
2000000302	Standardized combinations of remedies	Observation	HPNR	HPNR Hierarchy		20	1970-01-01	2099-12-31	
2000000165	Traction treatment/extension treatment	Procedure	HPNR	HPNR Hierarchy		11	1970-01-01	2099-12-31	
2000000317	Individual treatment (price includes preparation and follow-up)	Observation	HPNR	HPNR Hierarchy		31	1970-01-01	2099-12-31	
2000000334	Group treatment (price includes preparation and follow-up)	Observation	HPNR	HPNR Hierarchy		32	1970-01-01	2099-12-31	
2000000385	Group treatment	Observation	HPNR	HPNR Hierarchy		42	1970-01-01	2099-12-31	
2000000399	Thermal application, heat/cold	Observation	HPNR	HPNR Hierarchy		43	1970-01-01	2099-12-31	
2000000401	Splints	Observation	HPNR	HPNR Hierarchy		44	1970-01-01	2099-12-31	
2000000435	Massages	Observation	HPNR	HPNR Hierarchy		60	1970-01-01	2099-12-31	
2000000457	Exercise therapy, individual treatment	Observation	HPNR	HPNR Hierarchy		62	1970-01-01	2099-12-31	
2000000472	Exercise therapy, group treatment	Observation	HPNR	HPNR Hierarchy		63	1970-01-01	2099-12-31	
2000004644	Physiotherapist	Provider	HPNR	Provider		2	1970-01-01	2099-12-31	
2000000487	Traction treatment/extension treatment	Procedure	HPNR	HPNR Hierarchy		64	1970-01-01	2099-12-31	
2000000508	Heat and cold therapy	Procedure	HPNR	HPNR Hierarchy		66	1970-01-01	2099-12-31	
2000000549	Hydrotherapy	Procedure	HPNR	HPNR Hierarchy		67	1970-01-01	2099-12-31	
2000000575	Medical baths	Procedure	HPNR	HPNR Hierarchy		68	1970-01-01	2099-12-31	
2000000664	Inhalation therapy	Procedure	HPNR	HPNR Hierarchy		70	1970-01-01	2099-12-31	
2000000694	Other spa-specific forms of treatment	Procedure	HPNR	HPNR Hierarchy		71	1970-01-01	2099-12-31	
2000000739	Additional positions for bath additives	Observation	HPNR	HPNR Hierarchy		73	1970-01-01	2099-12-31	
2000000754	Message/report to the physician	Observation	HPNR	HPNR Hierarchy		97	1970-01-01	2099-12-31	
2000000758	Home visit/travel allowance	Observation	HPNR	HPNR Hierarchy		99	1970-01-01	2099-12-31	
2000004643	Masseur, masseur and medical bath attendant	Provider	HPNR	Provider		1	1970-01-01	2099-12-31	
2000004645	Speech and language therapist/respiratory, speech and voice teacher (Schlaffhorst-Andersen School)	Provider	HPNR	Provider		3	1970-01-01	2099-12-31	
2000004646	Other speech therapist (used if different remuneration regulations exist according to state law)	Provider	HPNR	Provider		4	1970-01-01	2099-12-31	
2000004647	Occupational therapist	Provider	HPNR	Provider		5	1970-01-01	2099-12-31	
2000004648	Hospital	Provider	HPNR	Provider		6	1970-01-01	2099-12-31	
2000004649	Podiatrist	Provider	HPNR	Provider		7	1970-01-01	2099-12-31	
2000004650	Providers of outpatient preventive services in approved health resorts	Provider	HPNR	Provider		8	1970-01-01	2099-12-31	
2000004652	Nutrition therapy service providers	Provider	HPNR	Provider		A	1970-01-01	2099-12-31	
